,,Overall,Overall,Overall,Overall,Overall,Overall,,Conf.,Conf.,,Home,Home,,Away,Away,,Points,Points,,School Advanced,School Advanced,School Advanced,School Advanced,School Advanced,School Advanced,School Advanced,School Advanced,School Advanced,School Advanced,School Advanced,School Advanced,School Advanced
Rk,School,G,W,L,W-L%,SRS,SOS,,W,L,,W,L,,W,L,,Tm.,Opp.,,Pace,ORtg,FTr,3PAr,TS%,TRB%,AST%,STL%,BLK%,eFG%,TOV%,ORB%,FT/FGA
1,Abilene Christian,31,20,11,.645,-2.87,-6.87,,15,5,,13,3,,7,8,,2352,2024,,71.1,105.0,.383,.373,.549,50.1,56.6,13.1,7.9,.507,16.9,30.6,.284
2,Air Force,32,12,20,.375,-0.37,3.02,,5,13,,8,7,,3,9,,2338,2386,,68.9,106.0,.357,.417,.568,50.0,58.5,7.3,4.6,.534,16.1,22.7,.261
3,Akron,31,24,7,.774,7.15,-0.40,,14,4,,15,2,,8,4,,2348,2062,,70.6,107.2,.351,.444,.562,50.7,51.4,7.2,7.3,.521,16.0,27.9,.271
4,Alabama A&M,30,8,22,.267,-18.88,-8.85,,5,13,,6,5,,2,16,,1845,2146,,69.6,87.9,.327,.317,.462,47.5,49.7,8.3,5.7,.424,16.4,24.7,.219
5,Alabama-Birmingham,32,19,13,.594,-0.94,-1.64,,9,9,,11,6,,5,7,,2154,2088,,67.2,100.2,.351,.300,.537,54.7,43.2,8.9,8.7,.503,19.0,31.7,.247
6,Alabama State,32,8,24,.250,-16.15,-6.53,,7,11,,4,5,,2,16,,1965,2273,,70.8,86.7,.357,.390,.477,47.1,47.6,8.8,6.0,.446,19.9,25.7,.222
7,Alabama,31,16,15,.516,11.12,8.12,,8,10,,10,5,,4,8,,2542,2449,,76.1,106.0,.369,.489,.553,49.7,51.6,8.2,10.4,.522,16.7,29.8,.256
8,Albany (NY),32,14,18,.438,-8.78,-5.91,,7,9,,7,7,,5,11,,2127,2190,,69.7,95.0,.339,.438,.518,49.8,56.4,8.0,7.9,.482,17.5,24.1,.239
9,Alcorn State,30,15,15,.500,-14.64,-9.64,,11,7,,11,2,,4,13,,2251,2196,,72.6,102.5,.304,.399,.536,51.3,51.5,10.9,8.4,.500,17.1,30.2,.226
10,American,30,16,14,.533,-4.37,-6.50,,12,6,,10,4,,6,10,,2149,2085,,69.0,103.4,.286,.348,.543,48.5,48.2,11.5,9.3,.516,15.7,26.5,.201
11,Appalachian State,33,18,15,.545,-0.81,-0.01,,11,9,,10,5,,7,9,,2256,2222,,68.6,99.3,.412,.388,.524,49.7,49.2,10.8,6.5,.489,17.0,27.7,.274
12,Arizona State,31,20,11,.645,11.46,8.10,,11,7,,13,3,,6,5,,2288,2184,,73.7,100.1,.324,.369,.521,48.5,42.3,10.9,9.4,.488,15.7,26.5,.225
13,Arizona,32,21,11,.656,19.49,8.40,,10,8,,13,4,,4,6,,2445,2090,,70.3,107.9,.367,.347,.546,52.5,57.9,9.5,10.6,.507,14.5,30.7,.269
14,Little Rock,31,21,10,.677,2.27,-1.07,,15,5,,13,2,,8,8,,2270,2152,,70.2,104.4,.450,.328,.566,52.2,59.5,9.8,10.4,.527,19.3,30.7,.319
15,Arkansas-Pine Bluff,30,4,26,.133,-21.65,-6.41,,3,15,,2,8,,2,18,,1615,2049,,67.6,79.3,.374,.289,.462,48.9,49.0,10.6,9.8,.435,23.3,27.9,.220
16,Arkansas State,32,16,16,.500,-2.92,-0.72,,8,12,,10,7,,6,9,,2262,2301,,68.5,102.4,.474,.317,.537,49.3,58.9,10.0,7.6,.490,16.5,28.8,.336
17,Arkansas,32,20,12,.625,13.46,7.27,,7,11,,14,4,,4,8,,2426,2228,,71.4,104.5,.425,.399,.553,45.2,47.2,10.9,10.3,.509,14.4,21.5,.311
18,Army,30,15,15,.500,-9.10,-6.68,,10,8,,9,6,,6,9,,2128,2161,,69.7,100.9,.253,.370,.545,48.6,59.3,7.9,4.6,.533,15.4,20.0,.156
19,Auburn,31,25,6,.806,15.04,7.39,,12,6,,16,1,,5,5,,2419,2182,,70.4,108.2,.438,.441,.536,53.7,49.1,8.9,12.9,.500,15.0,35.3,.295
20,Austin Peay,33,21,12,.636,-0.98,-4.14,,14,4,,14,0,,5,10,,2519,2359,,69.9,108.9,.368,.331,.552,52.1,48.7,9.4,8.2,.516,15.6,33.1,.264
21,Ball State,31,18,13,.581,4.12,-1.65,,11,7,,11,4,,5,7,,2155,1938,,69.4,100.2,.308,.480,.536,51.0,55.7,9.6,9.0,.508,17.0,25.3,.213
22,Baylor,30,26,4,.867,20.13,9.13,,15,3,,14,1,,8,2,,2134,1804,,66.6,106.4,.308,.369,.523,52.5,54.1,12.2,12.5,.494,14.9,35.7,.213
23,Belmont,33,26,7,.788,4.30,-6.23,,15,3,,13,1,,11,5,,2627,2241,,72.8,109.4,.227,.438,.572,50.5,61.3,10.4,8.0,.553,14.6,24.9,.162
24,Bethune-Cookman,30,16,14,.533,-10.16,-8.98,,10,6,,10,1,,4,13,,2239,2167,,75.0,98.3,.381,.313,.515,50.5,46.3,9.5,7.5,.474,17.6,30.6,.267
25,Binghamton,29,10,19,.345,-15.03,-4.62,,4,12,,7,7,,3,12,,2014,2221,,69.4,99.6,.238,.479,.517,47.1,47.3,7.5,7.9,.489,15.5,25.6,.173
26,Boise State,32,20,12,.625,8.59,4.39,,11,7,,13,2,,4,8,,2430,2223,,70.0,106.5,.362,.421,.560,51.5,50.2,8.0,4.1,.520,15.5,25.9,.271
27,Boston College,32,13,19,.406,1.82,7.86,,7,13,,8,10,,4,8,,2067,2260,,69.6,92.4,.291,.405,.492,46.4,54.3,11.0,7.1,.465,17.3,25.4,.191
28,Boston University,34,21,13,.618,-1.87,-5.30,,12,6,,12,3,,9,8,,2410,2269,,66.8,105.0,.270,.344,.534,52.1,46.8,8.1,6.1,.516,14.6,28.9,.174
29,Bowling Green State,31,21,10,.677,0.47,0.20,,12,6,,13,2,,5,5,,2310,2259,,71.6,103.2,.287,.364,.517,51.1,46.2,7.6,6.1,.479,13.3,28.7,.215
30,Bradley,34,23,11,.676,5.33,0.33,,11,7,,15,2,,4,8,,2438,2240,,67.3,105.7,.319,.313,.536,53.5,52.4,7.1,12.5,.499,14.9,31.5,.235
31,Brigham Young,32,24,8,.750,16.93,6.45,,13,3,,14,1,,6,5,,2548,2188,,69.7,112.8,.239,.414,.603,49.6,58.4,8.2,5.4,.588,14.3,20.5,.168
32,Brown,27,15,12,.556,-4.45,-1.72,,8,6,,10,4,,5,8,,1809,1854,,70.2,95.4,.325,.381,.497,52.1,48.6,9.4,11.9,.455,18.2,32.3,.237
33,Bryant,32,15,17,.469,-6.70,-6.67,,7,11,,9,5,,6,12,,2271,2223,,70.7,100.0,.304,.433,.513,52.0,55.0,9.1,11.3,.485,17.2,31.6,.206
34,Bucknell,34,14,20,.412,-7.73,-4.32,,8,10,,9,4,,4,14,,2299,2415,,69.9,96.7,.284,.418,.521,47.9,50.0,10.2,9.4,.493,17.0,24.0,.195
35,Buffalo,32,20,12,.625,1.80,0.06,,11,7,,10,7,,7,4,,2516,2425,,74.7,104.5,.280,.378,.519,52.5,51.0,10.3,11.1,.494,15.3,35.0,.187
36,Butler,31,22,9,.710,15.56,9.14,,10,8,,14,3,,5,6,,2125,1926,,64.6,105.7,.294,.368,.553,53.3,50.9,8.2,7.8,.523,15.4,29.4,.214
37,Cal Poly,30,7,23,.233,-10.00,-0.42,,4,12,,7,6,,0,15,,2027,2248,,68.8,95.4,.348,.340,.516,46.9,43.9,9.0,6.9,.481,17.2,23.0,.242
38,Cal State Bakersfield,31,12,19,.387,-7.11,-3.26,,6,10,,9,7,,3,12,,2109,2097,,66.0,101.1,.312,.272,.509,54.7,46.2,9.3,10.2,.478,16.9,36.1,.214
39,Cal State Fullerton,31,11,20,.355,-6.79,-1.38,,6,10,,6,8,,4,11,,2127,2213,,69.5,96.8,.371,.338,.521,48.0,47.7,7.2,7.7,.488,16.6,22.8,.250
40,Cal State Northridge,32,15,17,.469,-6.37,-0.97,,10,6,,10,4,,5,12,,2435,2528,,71.4,106.6,.313,.339,.551,47.3,51.2,7.9,8.7,.519,14.1,25.7,.228
41,California Baptist,31,21,10,.677,-1.99,-6.66,,10,6,,15,5,,6,5,,2465,2170,,70.5,111.5,.345,.431,.567,54.8,53.9,5.8,8.5,.524,15.4,32.4,.271
42,UC-Davis,32,14,18,.438,-4.70,-2.63,,8,8,,8,4,,5,12,,2330,2286,,68.4,105.7,.315,.369,.573,48.3,50.1,8.4,5.3,.534,16.7,23.4,.248
43,UC-Irvine,32,21,11,.656,3.73,-2.18,,13,3,,11,2,,8,8,,2367,2087,,69.1,107.1,.283,.298,.555,56.7,53.5,9.3,9.9,.526,17.2,35.3,.209
44,UC-Riverside,32,17,15,.531,-3.63,-4.18,,7,9,,11,5,,6,10,,2059,1939,,64.4,99.5,.269,.423,.535,54.2,53.0,7.7,7.5,.510,17.9,27.6,.186
45,UC-Santa Barbara,31,21,10,.677,-0.57,-4.06,,10,6,,13,3,,8,7,,2195,2054,,64.9,108.6,.368,.350,.559,53.6,56.2,7.3,7.2,.517,15.7,32.2,.278
46,University of California,32,14,18,.438,3.20,9.05,,7,11,,12,5,,1,10,,2023,2210,,65.7,95.1,.360,.284,.514,49.6,41.5,6.1,7.4,.469,17.2,24.8,.266
47,Campbell,31,15,16,.484,-8.51,-8.10,,6,12,,8,5,,6,10,,2130,2065,,67.2,101.9,.258,.415,.558,47.6,59.2,10.7,8.3,.532,17.3,22.2,.189
48,Canisius,32,12,20,.375,-7.60,-5.44,,7,13,,7,6,,4,12,,2196,2265,,70.3,97.6,.302,.343,.516,48.9,56.1,10.1,7.1,.485,17.7,28.9,.210
49,Central Arkansas,31,10,21,.323,-11.26,-2.70,,9,11,,8,4,,2,16,,2316,2553,,75.9,96.1,.402,.404,.528,50.3,58.0,6.8,12.7,.485,20.0,28.4,.288
50,Central Connecticut State,31,4,27,.129,-20.33,-4.63,,3,15,,4,9,,0,16,,1959,2396,,70.7,89.3,.291,.316,.486,44.8,44.4,9.1,9.4,.454,17.9,23.3,.197
51,Central Florida,30,16,14,.533,5.13,4.13,,7,11,,10,6,,4,7,,2067,2037,,68.7,99.5,.309,.385,.526,49.3,54.7,9.4,8.0,.494,17.4,28.8,.219
52,Central Michigan,32,14,18,.438,-3.40,-0.26,,7,11,,12,4,,2,14,,2506,2454,,75.0,104.0,.334,.375,.531,48.8,42.4,12.1,6.8,.491,14.7,27.9,.249
53,Charleston Southern,32,14,18,.438,-13.14,-6.98,,7,11,,9,6,,5,11,,2203,2304,,68.6,99.2,.262,.428,.528,46.3,53.5,8.6,7.0,.496,16.2,22.8,.195
54,Charlotte,29,16,13,.552,0.46,-1.09,,10,8,,13,2,,3,11,,1922,1877,,66.6,98.2,.380,.368,.550,49.9,52.3,11.3,10.5,.516,18.7,21.4,.267
55,Chattanooga,33,20,13,.606,0.39,-1.90,,10,8,,10,4,,7,8,,2410,2261,,68.2,106.6,.289,.413,.556,51.7,52.5,7.0,4.1,.529,15.4,26.8,.206
56,Chicago State,29,4,25,.138,-28.20,-2.85,,0,14,,3,11,,1,12,,1781,2372,,70.3,87.4,.409,.351,.516,45.9,50.3,7.1,7.2,.468,22.9,22.6,.295
57,Cincinnati,30,20,10,.667,12.33,6.73,,13,5,,13,2,,5,6,,2182,2014,,68.9,102.2,.396,.361,.536,52.5,57.3,9.2,12.5,.503,17.5,32.0,.268
58,Citadel,30,6,24,.200,-13.82,-1.00,,0,18,,3,11,,3,12,,2244,2433,,75.6,97.7,.307,.469,.538,46.9,54.8,8.8,7.9,.510,17.9,22.8,.212
59,Clemson,31,16,15,.516,10.26,7.88,,9,11,,11,6,,3,8,,2062,1988,,66.6,98.7,.289,.464,.528,49.3,54.6,10.1,7.8,.501,16.5,23.3,.199
60,Cleveland State,32,11,21,.344,-11.16,-2.45,,7,11,,6,8,,3,13,,2053,2298,,68.9,92.4,.388,.230,.489,49.2,51.4,11.1,7.5,.450,18.8,32.0,.258
61,Coastal Carolina,33,16,17,.485,-0.83,-0.31,,8,12,,9,9,,7,7,,2573,2518,,74.0,105.4,.345,.354,.545,54.1,48.7,10.2,8.7,.510,18.3,35.9,.247
62,Colgate,34,25,9,.735,1.47,-5.63,,14,4,,15,2,,9,7,,2588,2315,,68.8,110.3,.246,.460,.557,51.0,52.7,8.8,7.9,.531,13.7,28.0,.184
63,College of Charleston,31,17,14,.548,0.53,-0.84,,11,7,,10,5,,6,6,,2176,2109,,66.9,105.0,.328,.398,.548,47.4,44.6,10.0,7.2,.509,14.4,22.9,.250
64,Colorado State,32,20,12,.625,6.70,3.96,,11,7,,12,4,,5,6,,2417,2307,,69.7,106.8,.390,.393,.569,52.0,59.1,9.2,5.8,.541,16.4,26.5,.265
65,Colorado,32,21,11,.656,14.91,8.31,,10,8,,13,3,,4,7,,2268,2057,,68.2,103.2,.362,.386,.544,53.9,54.3,8.3,7.9,.505,16.8,30.2,.266
66,Columbia,30,6,24,.200,-10.19,-2.50,,1,13,,5,7,,0,16,,1988,2181,,69.6,94.0,.224,.369,.494,47.1,44.1,7.8,8.4,.465,14.3,20.4,.164
67,Connecticut,31,19,12,.613,11.15,5.34,,10,8,,14,3,,3,7,,2258,2078,,69.0,102.3,.346,.358,.521,51.9,51.2,10.0,15.0,.478,16.8,34.1,.257
68,Coppin State,31,11,20,.355,-14.36,-8.27,,7,9,,5,5,,6,15,,2109,2298,,74.4,90.7,.327,.470,.487,47.4,42.8,9.0,8.1,.459,17.1,23.4,.208
69,Cornell,27,7,20,.259,-8.37,-1.85,,4,10,,6,6,,1,14,,1818,1912,,66.2,100.3,.269,.393,.531,47.8,56.8,10.0,8.5,.504,15.4,24.8,.188
70,Creighton,31,24,7,.774,17.24,9.61,,13,5,,17,1,,6,5,,2428,2162,,70.0,111.5,.290,.426,.580,48.5,56.5,9.3,6.6,.553,13.9,23.6,.214
71,Dartmouth,29,12,17,.414,-4.17,-3.20,,5,9,,6,6,,5,10,,1894,1872,,66.6,97.2,.274,.398,.530,51.3,52.0,6.9,8.0,.506,16.5,20.7,.185
72,Davidson,30,16,14,.533,8.85,3.62,,10,8,,11,1,,4,9,,2182,2025,,65.4,108.5,.315,.445,.569,50.4,55.9,8.2,7.7,.534,14.7,24.7,.240
73,Dayton,31,29,2,.935,19.17,3.69,,18,0,,17,0,,9,0,,2480,2000,,67.9,116.4,.339,.390,.619,52.5,60.3,8.3,9.2,.597,15.8,26.4,.244
74,Delaware State,32,6,26,.188,-20.87,-9.54,,4,12,,3,11,,2,13,,2350,2655,,76.3,95.6,.330,.395,.507,47.3,40.5,8.9,6.2,.473,17.4,26.4,.226
75,Delaware,33,22,11,.667,-1.53,-3.84,,11,7,,10,3,,7,6,,2452,2332,,68.6,107.9,.316,.385,.582,50.4,48.9,7.9,9.3,.549,16.7,24.5,.239
76,Denver,31,7,24,.226,-10.06,-1.99,,3,13,,6,8,,0,14,,2135,2360,,71.6,95.4,.362,.291,.525,48.3,45.1,8.1,7.0,.491,17.4,20.8,.250
77,DePaul,32,16,16,.500,7.63,8.95,,3,15,,11,7,,4,9,,2262,2274,,71.7,97.8,.333,.304,.512,50.3,52.2,11.1,14.8,.484,17.5,30.9,.219
78,Detroit Mercy,31,8,23,.258,-9.87,-1.90,,6,12,,5,8,,2,14,,2175,2422,,70.6,99.0,.321,.441,.510,49.5,44.5,8.1,8.2,.462,16.5,30.8,.251
79,Drake,34,20,14,.588,0.43,0.61,,8,10,,14,2,,2,10,,2359,2302,,68.0,101.6,.305,.381,.553,51.4,59.4,8.1,11.6,.524,17.0,23.5,.218
80,Drexel,33,14,19,.424,-5.38,-2.20,,6,12,,10,5,,1,13,,2254,2323,,67.9,100.3,.285,.371,.534,51.8,57.9,8.3,7.0,.506,18.6,30.4,.199
81,Duke,31,25,6,.806,22.55,8.00,,15,5,,15,2,,7,4,,2558,2107,,72.9,111.4,.356,.315,.559,53.8,52.1,11.2,13.6,.526,15.2,34.8,.256
82,Duquesne,30,21,9,.700,6.77,1.67,,11,7,,10,4,,6,3,,2146,1993,,67.8,104.2,.328,.431,.542,49.8,56.5,10.1,14.8,.512,16.0,29.2,.231
83,East Carolina,31,11,20,.355,-2.27,1.82,,5,13,,9,7,,1,11,,2111,2238,,70.7,95.6,.368,.328,.511,50.3,57.2,9.1,9.2,.467,17.1,27.3,.265
84,East Tennessee State,34,30,4,.882,7.63,-1.82,,16,2,,16,1,,11,3,,2593,2146,,68.2,111.9,.368,.388,.570,53.4,51.3,12.0,10.9,.542,15.3,32.7,.256
85,Eastern Illinois,32,17,15,.531,-5.08,-7.41,,9,9,,10,2,,5,11,,2377,2214,,70.9,104.0,.298,.324,.536,50.4,50.4,10.7,11.5,.513,15.3,29.2,.197
86,Eastern Kentucky,33,16,17,.485,-9.17,-4.46,,12,6,,10,4,,5,10,,2464,2488,,76.2,98.0,.319,.401,.513,45.2,46.3,12.2,5.5,.476,16.1,25.7,.231
87,Eastern Michigan,32,16,16,.500,-3.12,0.95,,6,12,,11,4,,3,12,,2078,2050,,68.1,95.4,.419,.378,.509,48.6,42.9,14.4,11.6,.479,18.3,27.8,.263
88,Eastern Washington,31,23,8,.742,2.01,-1.81,,16,4,,13,2,,10,6,,2509,2259,,74.3,108.0,.287,.416,.556,50.9,59.6,9.5,8.7,.532,15.0,28.3,.199
89,Elon,34,13,21,.382,-7.81,-2.03,,7,11,,8,8,,3,12,,2337,2438,,67.3,101.8,.268,.493,.536,48.2,56.3,7.0,6.0,.506,15.3,23.5,.197
90,Evansville,32,9,23,.281,-7.04,0.61,,0,18,,5,10,,3,10,,2149,2368,,67.9,96.7,.322,.424,.527,46.6,52.5,6.8,5.7,.490,16.6,20.3,.235
91,Fairfield,32,12,20,.375,-9.65,-4.81,,8,12,,5,8,,6,9,,1857,2012,,63.6,89.8,.359,.291,.475,51.6,42.4,7.9,8.2,.431,18.4,30.2,.250
92,Fairleigh Dickinson,30,11,19,.367,-9.94,-5.87,,9,9,,7,5,,4,14,,2167,2236,,69.3,103.4,.295,.357,.546,48.3,45.2,9.1,9.4,.516,16.4,26.8,.213
93,Florida A&M,27,12,15,.444,-12.17,-6.24,,10,6,,8,0,,4,13,,1824,1984,,70.8,93.3,.387,.238,.487,48.6,41.0,10.3,5.2,.454,18.1,31.2,.246
94,Florida Atlantic,32,17,15,.531,-1.66,-1.25,,8,10,,14,3,,2,12,,2275,2222,,70.2,100.0,.269,.422,.523,51.0,47.6,10.3,5.8,.495,16.4,28.9,.189
95,Florida Gulf Coast,32,10,22,.313,-10.26,-4.30,,7,9,,6,10,,4,12,,1979,2122,,66.8,91.5,.231,.416,.500,49.2,55.8,9.0,12.4,.476,20.0,28.0,.159
96,Florida International,32,19,13,.594,0.90,-1.00,,9,9,,11,3,,6,9,,2455,2319,,73.9,103.4,.292,.416,.548,47.8,52.2,11.8,16.2,.529,17.7,29.5,.190
97,Florida State,31,26,5,.839,17.28,7.64,,16,4,,16,0,,7,5,,2336,2037,,69.7,107.3,.301,.354,.553,51.9,48.5,12.5,15.9,.519,16.3,33.4,.226
98,Florida,31,19,12,.613,14.94,9.10,,11,7,,11,4,,4,7,,2228,2047,,66.3,107.5,.340,.368,.555,52.4,46.5,8.6,11.1,.521,15.5,31.1,.246
99,Fordham,31,9,22,.290,-3.58,-0.45,,2,16,,6,12,,1,8,,1816,1913,,65.2,88.8,.270,.417,.478,47.0,54.3,10.7,9.2,.450,16.9,21.3,.179
100,Fresno State,30,11,19,.367,2.08,3.39,,7,11,,7,7,,4,10,,2075,2068,,65.3,103.8,.305,.490,.532,52.0,52.2,7.4,11.1,.502,16.4,30.5,.214
101,Furman,32,25,7,.781,6.79,-1.55,,15,3,,14,1,,10,5,,2457,2123,,69.3,110.0,.302,.463,.579,47.8,53.9,11.8,8.5,.556,14.7,23.6,.212
102,Gardner-Webb,32,16,16,.500,-5.56,-5.83,,11,7,,7,5,,6,10,,2318,2272,,67.7,104.1,.354,.390,.549,49.7,54.1,9.0,13.7,.518,15.9,27.1,.245
103,George Mason,32,17,15,.531,0.86,1.48,,5,13,,10,7,,3,8,,2148,2168,,67.4,99.2,.344,.345,.511,52.5,45.6,9.0,13.3,.476,17.2,33.1,.238
104,George Washington,32,12,20,.375,-3.99,0.92,,6,12,,7,9,,3,9,,2086,2243,,66.6,96.4,.328,.425,.523,48.3,52.2,7.9,10.1,.490,17.4,23.0,.229
105,Georgetown,32,15,17,.469,10.38,9.60,,5,13,,10,8,,4,7,,2389,2364,,71.6,104.3,.339,.310,.535,52.1,57.0,8.7,11.5,.491,16.3,32.4,.262
106,Georgia Southern,33,20,13,.606,1.69,-0.83,,12,8,,11,4,,8,8,,2494,2332,,73.3,103.1,.364,.400,.537,48.5,46.6,10.7,10.2,.507,15.6,26.6,.246
107,Georgia State,32,19,13,.594,3.09,0.13,,12,8,,12,3,,6,10,,2499,2311,,74.0,104.6,.312,.383,.543,49.7,53.1,10.5,11.2,.508,16.4,31.6,.231
108,Georgia Tech,31,17,14,.548,10.49,9.19,,11,9,,10,6,,6,7,,2126,2059,,70.7,96.3,.345,.299,.529,51.7,54.4,10.0,11.7,.499,20.0,29.4,.233
109,Georgia,32,16,16,.500,8.28,8.06,,5,13,,12,5,,3,9,,2428,2418,,72.0,103.8,.334,.383,.540,51.4,49.3,9.7,8.0,.508,17.3,32.3,.234
110,Gonzaga,33,31,2,.939,22.70,3.13,,15,1,,17,0,,10,1,,2885,2239,,72.5,120.1,.388,.313,.599,56.6,52.5,10.1,9.5,.575,13.2,33.7,.267
111,Grambling,32,17,15,.531,-12.39,-9.79,,11,7,,11,2,,6,12,,2280,2188,,71.8,99.2,.368,.275,.528,51.9,49.5,10.4,11.4,.495,17.4,30.5,.251
112,Grand Canyon,30,13,17,.433,-6.32,-4.05,,8,8,,8,8,,4,6,,2116,2191,,67.8,103.2,.372,.330,.548,48.2,48.0,7.0,3.7,.506,15.1,23.0,.278
113,Green Bay,33,17,16,.515,-4.80,-2.80,,11,7,,10,5,,7,10,,2694,2643,,75.3,107.3,.317,.324,.555,48.5,55.2,9.1,8.1,.519,14.5,26.8,.240
114,Hampton,34,15,19,.441,-12.02,-5.80,,8,10,,11,5,,3,13,,2635,2693,,71.9,107.0,.405,.317,.546,49.5,53.8,6.9,10.0,.509,14.1,28.2,.283
115,Hartford,33,18,15,.545,-6.79,-6.02,,9,7,,9,8,,9,7,,2201,2203,,69.2,96.0,.309,.401,.519,47.0,55.4,10.5,6.5,.486,17.3,22.9,.217
116,Harvard,29,21,8,.724,3.06,-1.55,,10,4,,11,1,,9,4,,2114,1928,,68.9,104.0,.322,.378,.546,53.4,45.0,9.2,14.1,.516,17.2,30.4,.226
117,Hawaii,30,17,13,.567,-1.27,-2.10,,8,8,,14,6,,3,7,,2057,2016,,68.9,99.1,.315,.380,.522,50.1,55.1,7.9,5.1,.489,16.6,27.8,.222
118,High Point,32,9,23,.281,-16.31,-5.34,,6,12,,6,9,,3,14,,2110,2396,,67.7,96.7,.400,.354,.506,51.3,55.0,7.5,11.9,.463,18.0,32.2,.280
119,Hofstra,34,26,8,.765,3.06,-3.85,,14,4,,10,4,,11,4,,2596,2326,,68.9,110.8,.336,.378,.562,50.8,46.8,10.0,5.7,.520,14.2,30.3,.263
120,Holy Cross,32,3,29,.094,-18.07,-4.26,,2,16,,2,12,,0,16,,2106,2537,,68.9,94.5,.252,.377,.514,47.6,47.0,7.0,7.0,.491,18.3,25.1,.169
121,Houston Baptist,29,4,25,.138,-17.41,-3.62,,4,16,,2,9,,2,15,,2323,2723,,78.0,102.3,.380,.330,.547,49.4,46.4,7.2,5.1,.503,18.6,32.2,.284
122,Houston,31,23,8,.742,16.46,6.30,,13,5,,14,2,,6,6,,2241,1926,,66.8,107.8,.329,.343,.519,56.5,50.8,7.7,15.1,.480,14.6,38.7,.240
123,Howard,33,4,29,.121,-21.88,-7.98,,1,15,,2,13,,1,14,,2306,2682,,71.9,96.0,.331,.374,.518,45.0,54.8,7.5,9.2,.485,17.9,26.4,.230
124,Idaho State,30,8,22,.267,-8.62,-1.62,,4,16,,4,9,,3,13,,2093,2198,,67.7,101.8,.349,.331,.539,50.6,46.1,6.7,5.7,.514,17.3,29.3,.229
125,Idaho,32,8,24,.250,-12.07,-2.10,,4,16,,5,10,,2,12,,2086,2329,,69.3,93.8,.301,.260,.513,49.7,49.0,8.0,6.1,.484,18.1,24.4,.203
126,Illinois-Chicago,35,18,17,.514,-3.74,-3.80,,10,8,,11,7,,5,9,,2412,2407,,70.5,97.4,.294,.377,.533,51.3,56.1,8.1,12.0,.507,19.5,27.9,.202
127,Illinois State,31,10,21,.323,-2.70,1.97,,5,13,,9,6,,1,11,,2050,2171,,68.4,96.3,.252,.416,.525,48.9,50.4,8.4,7.3,.498,18.6,25.6,.179
128,Illinois,31,21,10,.677,15.27,9.84,,13,7,,15,3,,6,6,,2239,2024,,67.5,106.6,.332,.309,.528,55.3,50.7,7.2,7.3,.491,15.0,35.8,.241
129,Incarnate Word,31,9,22,.290,-18.57,-6.85,,6,14,,7,9,,2,13,,2050,2292,,69.2,94.0,.321,.358,.511,47.1,52.6,10.3,6.9,.471,19.1,27.6,.236
130,Indiana State,30,18,12,.600,3.22,1.81,,11,7,,12,1,,4,8,,2052,2004,,66.2,102.9,.329,.343,.549,49.2,51.6,8.3,10.0,.517,15.5,23.5,.236
131,Indiana,32,20,12,.625,15.07,10.35,,9,11,,15,4,,2,8,,2286,2135,,68.7,103.6,.392,.296,.528,54.0,51.0,8.1,12.6,.493,15.7,32.4,.266
132,Iona,29,12,17,.414,-6.23,-5.37,,9,11,,5,6,,4,9,,2030,2055,,68.6,100.7,.337,.424,.552,48.5,54.8,9.9,10.4,.510,18.3,25.1,.260
133,Iowa State,32,12,20,.375,9.10,10.07,,5,13,,11,6,,0,11,,2304,2335,,70.4,101.9,.285,.377,.533,48.9,53.0,10.5,11.3,.498,16.4,29.2,.213
134,Iowa,31,20,11,.645,16.07,10.62,,11,9,,14,2,,4,7,,2410,2241,,70.6,110.2,.344,.376,.554,51.5,63.9,8.7,10.6,.516,14.7,32.0,.258
135,Purdue-Fort Wayne,33,14,19,.424,-7.87,-3.20,,6,10,,10,5,,3,13,,2261,2320,,69.5,98.6,.251,.446,.519,51.3,50.2,10.7,8.3,.497,17.3,28.5,.168
136,IUPUI,32,7,25,.219,-14.89,-3.39,,3,15,,4,9,,3,14,,2256,2564,,71.9,97.3,.316,.387,.504,47.7,53.7,8.9,6.4,.478,16.6,29.3,.204
137,Jackson State,32,15,17,.469,-10.91,-8.61,,11,7,,9,3,,6,14,,2153,2157,,71.1,94.6,.350,.292,.498,47.9,46.0,11.4,10.2,.463,15.9,26.2,.235
138,Jacksonville State,32,13,19,.406,-8.29,-6.36,,8,10,,8,6,,4,11,,2294,2218,,70.0,102.1,.291,.359,.532,52.8,52.0,9.0,7.3,.506,17.3,31.4,.201
139,Jacksonville,32,14,18,.438,-6.50,-5.63,,7,9,,6,7,,7,9,,2139,2133,,67.6,97.7,.311,.355,.514,52.5,45.8,7.4,7.9,.486,17.5,29.2,.208
140,James Madison,30,9,21,.300,-9.23,-2.78,,2,16,,6,9,,3,11,,2157,2296,,72.1,99.7,.365,.403,.514,49.7,49.1,8.6,8.1,.484,15.1,26.2,.238
141,Kansas State,32,11,21,.344,8.70,9.48,,3,15,,9,7,,1,10,,2054,2079,,67.2,95.1,.347,.391,.506,48.9,55.1,12.8,7.9,.475,18.4,29.6,.229
142,Kansas,31,28,3,.903,24.96,11.63,,17,1,,14,1,,11,1,,2312,1882,,67.9,109.4,.350,.329,.564,54.7,50.8,11.2,13.6,.541,16.2,32.8,.234
143,Kennesaw State,29,1,28,.034,-22.60,-2.63,,0,16,,1,10,,0,16,,1602,2181,,68.1,81.1,.325,.309,.439,45.9,42.0,7.4,5.5,.393,19.0,25.8,.228
144,Kent State,32,20,12,.625,3.68,-0.72,,9,9,,14,3,,5,7,,2442,2241,,70.1,107.2,.283,.405,.551,50.7,50.2,9.6,11.2,.523,15.5,30.7,.206
145,Kentucky,31,25,6,.806,15.78,7.46,,15,3,,16,2,,8,2,,2307,2049,,68.5,107.9,.408,.266,.561,53.0,52.2,7.6,13.6,.507,15.8,30.8,.325
146,La Salle,30,15,15,.500,-0.23,1.71,,6,12,,8,7,,4,8,,2040,2098,,69.8,96.2,.331,.416,.513,49.6,55.0,11.4,8.9,.484,18.1,28.6,.220
147,Lafayette,31,19,12,.613,-5.91,-5.94,,10,8,,9,5,,10,7,,2174,2133,,67.7,103.6,.239,.439,.553,49.7,59.3,7.0,11.3,.527,16.0,23.4,.177
148,Lamar,32,17,15,.531,-7.24,-6.45,,10,10,,10,5,,6,10,,2312,2227,,71.7,99.9,.344,.301,.522,49.1,51.4,12.3,12.3,.486,17.4,30.8,.242
149,Lehigh,32,11,21,.344,-10.93,-3.90,,7,11,,8,6,,3,15,,2184,2339,,69.5,97.5,.260,.291,.527,50.7,48.9,7.8,7.1,.496,17.6,26.3,.191
150,Liberty,34,30,4,.882,5.15,-7.26,,13,3,,17,0,,7,4,,2332,1830,,61.3,111.8,.312,.405,.579,53.2,53.0,9.2,9.2,.553,13.6,24.8,.222
151,Lipscomb,32,16,16,.500,-7.08,-4.45,,9,7,,9,5,,7,11,,2255,2261,,68.8,102.0,.288,.346,.536,50.4,50.7,7.8,7.4,.510,16.3,27.1,.200
152,Cal State Long Beach,32,11,21,.344,-8.72,1.08,,6,10,,8,6,,2,13,,2157,2404,,71.8,93.1,.340,.298,.519,48.0,45.9,8.2,11.4,.484,19.9,25.4,.238
153,Long Island University,33,15,18,.455,-8.38,-6.16,,9,9,,8,6,,6,11,,2504,2534,,73.9,101.2,.326,.461,.551,46.2,54.3,9.0,8.2,.520,16.9,21.5,.233
154,Longwood,32,14,18,.438,-12.45,-9.31,,9,9,,8,6,,6,11,,2148,2195,,68.5,96.5,.332,.481,.521,48.7,48.5,9.7,6.7,.487,17.5,23.6,.233
155,Louisiana,33,14,19,.424,-4.60,-0.67,,8,12,,10,6,,3,12,,2416,2514,,72.8,100.1,.346,.409,.526,49.3,45.8,8.2,8.2,.484,16.8,29.0,.257
156,Louisiana-Monroe,29,9,20,.310,-6.50,-0.16,,5,15,,7,8,,2,12,,1831,1956,,66.2,94.9,.325,.346,.510,49.2,51.5,6.7,9.4,.478,18.0,27.0,.222
157,Louisiana State,31,21,10,.677,14.43,7.20,,12,6,,15,2,,5,6,,2495,2271,,70.8,112.8,.354,.343,.568,54.3,44.9,8.8,10.6,.527,15.1,35.1,.272
158,Louisiana Tech,30,22,8,.733,7.06,-1.48,,13,5,,15,1,,7,7,,2235,1910,,68.2,108.2,.290,.399,.557,51.9,48.8,10.8,7.4,.537,15.7,30.3,.194
159,Louisville,31,24,7,.774,17.94,7.55,,15,5,,17,1,,6,5,,2296,1974,,67.1,109.4,.322,.380,.557,54.5,53.5,7.5,7.9,.525,15.4,32.0,.236
160,Loyola (IL),32,21,11,.656,5.70,0.54,,13,5,,14,2,,5,6,,2198,2007,,65.7,103.4,.387,.312,.574,49.7,56.9,11.9,5.4,.554,17.7,21.4,.252
161,Loyola Marymount,32,11,21,.344,-1.09,3.88,,4,12,,7,9,,2,9,,2057,2168,,64.7,98.9,.347,.347,.546,50.6,49.5,9.0,7.4,.518,19.3,27.5,.236
162,Loyola (MD),32,15,17,.469,-9.59,-7.23,,7,11,,9,4,,5,13,,2348,2394,,71.3,102.2,.419,.372,.549,49.2,59.6,9.4,8.0,.525,17.0,25.9,.267
163,Maine,31,9,22,.290,-11.88,-3.71,,5,11,,5,7,,3,15,,1904,2109,,66.2,92.1,.266,.432,.499,50.4,62.1,10.4,11.4,.468,19.6,28.5,.189
164,Manhattan,31,13,18,.419,-8.42,-6.26,,8,12,,7,6,,5,11,,1924,1991,,66.3,92.8,.341,.398,.485,49.2,58.0,10.5,11.7,.457,17.9,30.1,.212
165,Marist,30,7,23,.233,-12.22,-7.08,,6,14,,4,10,,3,12,,1816,1970,,65.5,90.5,.297,.400,.487,49.3,49.3,10.2,9.9,.459,18.4,25.9,.193
166,Marquette,30,18,12,.600,15.44,9.30,,8,10,,13,3,,3,8,,2333,2149,,71.4,107.2,.392,.446,.557,53.2,53.5,7.1,10.6,.516,16.4,29.8,.291
167,Marshall,32,17,15,.531,1.70,-0.05,,10,8,,10,6,,5,9,,2429,2339,,75.5,100.1,.290,.386,.526,48.5,50.6,10.7,14.3,.503,17.0,27.9,.192
168,Maryland-Baltimore County,33,16,17,.485,-8.08,-4.43,,8,8,,11,5,,5,10,,2255,2207,,68.0,100.1,.332,.392,.529,49.9,49.9,7.9,7.8,.505,16.3,26.1,.214
169,Maryland-Eastern Shore,32,5,27,.156,-22.03,-6.45,,4,12,,4,6,,1,20,,1841,2278,,69.6,82.0,.256,.399,.439,46.2,52.4,11.0,9.3,.412,18.5,26.1,.162
170,Maryland,31,24,7,.774,17.82,10.50,,14,6,,16,1,,5,6,,2226,1999,,67.7,106.0,.377,.431,.532,52.9,55.0,6.8,11.8,.486,14.3,31.5,.282
171,Massachusetts-Lowell,32,13,19,.406,-8.19,-5.35,,7,9,,8,9,,5,10,,2388,2433,,70.9,104.0,.376,.358,.554,49.2,55.1,9.6,6.7,.519,16.6,27.5,.268
172,Massachusetts,31,14,17,.452,1.12,3.79,,8,10,,11,5,,3,9,,2124,2207,,69.2,98.2,.299,.402,.522,47.3,54.4,9.8,8.2,.492,16.7,25.7,.210
173,McNeese State,32,15,17,.469,-9.11,-6.93,,10,10,,10,5,,5,11,,2540,2390,,71.8,109.7,.338,.368,.597,52.3,57.3,9.1,10.3,.570,19.3,31.7,.245
174,Memphis,31,21,10,.677,12.16,5.07,,10,8,,15,3,,5,6,,2232,2012,,73.1,97.7,.399,.352,.532,52.2,56.5,10.6,15.3,.497,19.6,30.0,.271
175,Mercer,32,17,15,.531,-3.13,-2.70,,11,7,,9,6,,8,6,,2294,2248,,70.4,101.9,.260,.364,.542,53.2,54.4,9.4,7.6,.515,17.9,31.1,.188
176,Merrimack,31,20,11,.645,-6.93,-6.53,,14,4,,10,2,,9,8,,1948,1866,,64.4,96.4,.254,.433,.517,43.8,56.3,15.2,8.6,.493,16.3,23.2,.173
177,Miami (FL),31,15,16,.484,6.63,8.66,,7,13,,9,5,,4,8,,2207,2270,,68.7,101.2,.281,.372,.525,47.2,38.9,8.4,9.4,.488,15.1,26.0,.213
178,Miami (OH),32,13,19,.406,-4.17,-0.57,,5,13,,10,6,,2,11,,2269,2275,,69.2,102.5,.267,.412,.524,48.8,47.1,7.4,6.8,.494,14.4,25.9,.194
179,Michigan State,31,22,9,.710,21.92,10.76,,14,6,,12,3,,7,4,,2353,2007,,69.4,109.4,.308,.375,.560,55.1,65.0,7.4,13.4,.526,15.6,32.8,.231
180,Michigan,31,19,12,.613,17.94,11.17,,10,10,,11,5,,4,7,,2326,2116,,69.3,107.0,.267,.391,.554,50.6,52.7,7.8,10.3,.528,13.6,25.0,.192
181,Middle Tennessee,31,8,23,.258,-8.41,0.84,,4,14,,5,10,,3,10,,2193,2332,,71.2,98.5,.311,.412,.516,49.0,52.3,9.5,7.9,.488,17.0,28.1,.209
182,Milwaukee,31,12,19,.387,-7.22,-3.91,,7,11,,7,8,,4,9,,2216,2252,,70.6,99.2,.295,.395,.509,49.1,49.1,8.1,8.5,.476,16.1,29.5,.209
183,Minnesota,31,15,16,.484,16.39,11.55,,8,12,,11,5,,2,10,,2205,2055,,67.3,104.9,.275,.407,.521,52.1,58.5,7.0,11.3,.494,14.2,31.3,.190
184,Mississippi State,31,20,11,.645,12.21,6.96,,11,7,,14,2,,4,7,,2275,2112,,67.3,109.0,.395,.280,.559,55.1,51.7,8.3,14.0,.515,17.5,37.0,.298
185,Mississippi Valley State,30,3,27,.100,-29.08,-7.68,,3,15,,1,8,,2,19,,2048,2690,,78.9,86.1,.229,.412,.454,42.2,41.7,9.2,6.6,.430,16.1,23.4,.149
186,Mississippi,32,15,17,.469,7.37,6.90,,6,12,,12,5,,1,10,,2208,2193,,68.8,99.5,.368,.337,.528,49.2,53.7,10.3,8.0,.486,16.7,26.2,.269
187,Missouri-Kansas City,30,16,14,.533,-6.07,-3.62,,8,7,,9,4,,5,8,,2094,1976,,66.7,102.5,.293,.354,.546,48.2,51.4,11.9,9.4,.521,16.9,26.0,.201
188,Missouri State,33,16,17,.485,3.50,0.71,,9,9,,11,4,,3,10,,2330,2238,,68.6,102.6,.288,.338,.533,54.6,46.4,9.3,7.7,.498,17.0,31.9,.215
189,Missouri,31,15,16,.484,8.51,6.54,,7,11,,12,4,,2,10,,2081,2020,,67.1,99.3,.357,.404,.521,51.5,50.3,10.0,10.0,.470,18.0,31.4,.279
190,Monmouth,31,18,13,.581,-4.51,-5.19,,12,8,,11,2,,6,10,,2209,2188,,72.1,98.5,.356,.369,.513,47.1,52.8,11.1,8.5,.471,15.6,25.5,.256
191,Montana State,31,16,15,.516,-5.01,-2.29,,10,10,,9,5,,5,10,,2066,2076,,68.2,97.8,.374,.328,.541,50.9,48.7,8.0,6.8,.498,18.5,22.9,.277
192,Montana,31,18,13,.581,0.59,-1.52,,14,6,,12,3,,6,10,,2195,2122,,69.4,100.8,.264,.273,.549,48.0,46.0,9.0,9.0,.522,15.6,19.6,.191
193,Morehead State,32,13,19,.406,-10.96,-6.42,,7,11,,11,4,,2,14,,2208,2240,,69.1,98.7,.307,.336,.507,50.4,52.1,8.5,11.8,.483,15.5,29.0,.196
194,Morgan State,31,15,16,.484,-12.82,-9.18,,9,7,,8,6,,7,7,,2182,2197,,71.4,97.4,.392,.312,.509,53.0,47.7,7.8,12.6,.468,19.2,35.1,.272
195,Mount St. Mary's,32,11,21,.344,-9.56,-6.47,,7,11,,8,6,,3,15,,2053,2132,,64.5,98.3,.337,.383,.499,50.0,49.9,7.6,9.3,.462,15.4,29.6,.234
196,Murray State,32,23,9,.719,1.99,-6.08,,15,3,,15,0,,6,6,,2413,2070,,69.7,107.4,.394,.318,.568,54.5,54.1,8.1,10.7,.535,17.2,29.5,.279
197,Navy,30,14,16,.467,-7.36,-5.74,,8,10,,10,5,,4,11,,1908,1924,,62.6,99.9,.323,.391,.502,53.3,49.5,7.9,5.4,.468,15.9,33.6,.223
198,Omaha,32,16,16,.500,-5.09,-0.96,,9,7,,12,2,,4,12,,2352,2461,,70.7,102.3,.271,.300,.528,50.1,44.4,7.2,8.9,.500,14.9,27.2,.193
199,Nebraska,32,7,25,.219,2.41,10.66,,2,18,,5,11,,0,12,,2235,2499,,72.8,94.1,.290,.396,.488,44.0,54.2,9.4,6.1,.468,14.2,22.1,.175
200,Nevada-Las Vegas,32,17,15,.531,6.79,4.76,,12,6,,12,6,,5,7,,2307,2242,,67.2,104.4,.341,.402,.529,54.7,49.8,9.0,8.8,.497,16.4,34.0,.236
201,Nevada,31,19,12,.613,8.91,4.14,,12,6,,12,3,,4,7,,2391,2243,,71.7,107.2,.283,.429,.561,51.8,55.0,7.1,10.5,.529,14.9,25.2,.213
202,New Hampshire,30,15,15,.500,-7.60,-6.28,,8,8,,10,3,,5,12,,2071,1990,,69.7,97.9,.256,.418,.502,54.0,52.9,6.8,6.1,.477,15.9,29.4,.172
203,New Mexico State,31,25,6,.806,4.11,-4.24,,16,0,,13,1,,9,3,,2214,1852,,64.6,110.0,.314,.469,.567,56.4,57.8,9.5,5.7,.539,17.2,34.8,.225
204,New Mexico,33,19,14,.576,3.47,2.63,,7,11,,15,3,,2,9,,2531,2483,,73.0,105.1,.375,.368,.561,49.5,55.4,11.1,8.1,.526,17.4,27.6,.270
205,New Orleans,30,9,21,.300,-14.08,-4.73,,5,15,,6,8,,3,13,,2262,2323,,72.8,103.6,.393,.265,.551,47.7,55.8,10.6,5.5,.507,16.9,28.6,.293
206,Niagara,32,12,20,.375,-11.02,-4.33,,9,11,,9,3,,2,17,,2102,2316,,66.5,97.9,.244,.366,.528,41.1,49.7,10.3,6.5,.497,14.5,17.7,.183
207,Nicholls State,31,21,10,.677,-3.87,-6.02,,15,5,,13,1,,7,8,,2388,2144,,73.0,104.6,.254,.372,.537,48.9,46.3,13.5,10.1,.507,15.9,30.8,.190
208,NJIT,30,9,21,.300,-10.14,-4.83,,6,10,,5,7,,4,14,,1904,2030,,67.0,94.8,.306,.333,.486,48.0,46.2,8.5,8.4,.453,14.3,25.1,.208
209,Norfolk State,31,16,15,.516,-7.76,-9.39,,12,4,,11,2,,4,12,,2186,2012,,70.3,99.9,.336,.413,.518,51.2,53.8,11.1,7.4,.481,17.1,31.1,.239
210,North Alabama,30,13,17,.433,-9.00,-5.82,,8,8,,9,4,,4,13,,2062,2092,,70.0,97.8,.380,.367,.524,51.0,46.7,9.2,6.5,.488,18.4,28.5,.262
211,North Carolina-Asheville,31,15,16,.484,-10.31,-8.31,,8,10,,10,5,,5,10,,2326,2318,,71.2,105.0,.340,.385,.549,45.7,40.1,11.5,6.4,.525,14.3,24.0,.224
212,North Carolina A&T,32,17,15,.531,-9.66,-7.86,,12,4,,11,1,,4,12,,2311,2305,,75.2,95.2,.409,.319,.504,49.2,57.0,10.7,10.0,.477,17.6,28.8,.249
213,North Carolina Central,31,18,13,.581,-10.04,-8.86,,13,3,,12,0,,5,13,,2162,2045,,69.6,98.6,.341,.349,.537,49.4,52.7,11.9,8.7,.512,19.0,29.0,.223
214,North Carolina-Greensboro,32,23,9,.719,5.92,-1.48,,13,5,,14,4,,9,4,,2372,2020,,69.0,106.1,.261,.422,.519,52.1,46.0,13.3,13.7,.501,14.0,33.8,.165
215,North Carolina State,32,20,12,.625,12.05,7.14,,10,10,,14,4,,5,7,,2388,2231,,70.6,105.3,.285,.356,.537,49.0,49.0,10.8,11.6,.509,14.7,28.8,.202
216,North Carolina-Wilmington,32,10,22,.313,-9.31,-0.90,,5,13,,8,8,,1,12,,2186,2294,,69.6,97.5,.320,.336,.522,48.1,49.2,8.9,8.4,.488,16.6,24.1,.227
217,North Carolina,33,14,19,.424,9.45,10.05,,6,14,,7,8,,3,9,,2383,2403,,70.4,101.1,.335,.289,.500,55.0,54.6,7.8,9.9,.464,15.2,35.3,.228
218,North Dakota State,33,25,8,.758,2.19,-3.94,,13,3,,13,1,,8,6,,2467,2183,,67.8,109.8,.327,.454,.569,52.6,47.0,6.8,5.8,.526,13.2,23.1,.261
219,North Dakota,33,15,18,.455,-6.24,-1.38,,7,9,,8,3,,4,13,,2470,2467,,70.5,105.4,.351,.407,.565,51.9,49.6,6.4,5.5,.525,16.7,26.0,.267
220,North Florida,33,21,12,.636,-0.57,-3.25,,13,3,,13,2,,7,9,,2583,2416,,69.6,112.5,.275,.522,.578,48.8,58.2,7.1,8.2,.549,14.9,28.4,.210
221,North Texas,31,20,11,.645,7.32,1.66,,14,4,,13,3,,7,6,,2203,1962,,64.9,109.0,.309,.410,.590,52.4,49.6,9.6,8.7,.561,18.4,29.7,.232
222,Northeastern,33,17,16,.515,1.45,-3.28,,9,9,,7,6,,7,7,,2347,2191,,65.8,107.7,.256,.402,.579,50.6,51.3,11.5,5.3,.548,16.2,24.4,.202
223,Northern Arizona,30,16,14,.533,-4.65,-2.40,,10,10,,9,5,,6,8,,2128,2081,,67.7,104.4,.307,.347,.537,50.7,51.4,9.6,5.9,.508,14.9,27.5,.215
224,Northern Colorado,31,22,9,.710,5.72,-2.80,,15,5,,11,3,,9,5,,2303,1945,,65.9,111.8,.261,.461,.572,51.4,49.7,7.6,5.5,.556,13.5,25.4,.174
225,Northern Illinois,31,18,13,.581,-1.33,-2.16,,11,7,,11,4,,7,9,,2071,1998,,66.2,100.4,.281,.364,.504,52.9,41.4,8.4,8.8,.476,15.1,31.2,.189
226,Northern Iowa,31,25,6,.806,9.83,1.45,,14,4,,16,0,,8,4,,2330,2006,,65.9,112.8,.264,.415,.583,55.2,44.9,6.9,6.4,.556,15.7,29.8,.200
227,Northern Kentucky,32,23,9,.719,0.28,-4.65,,13,5,,11,4,,10,5,,2317,2089,,68.7,104.6,.340,.453,.533,49.7,53.7,11.7,5.4,.502,15.5,30.4,.234
228,Northwestern State,30,15,15,.500,-10.00,-7.07,,11,9,,9,5,,5,10,,2265,2270,,74.5,100.9,.331,.365,.543,50.7,48.4,7.8,10.8,.507,19.1,31.0,.243
229,Northwestern,31,8,23,.258,5.35,10.51,,3,17,,5,11,,2,10,,2012,2172,,66.7,96.5,.258,.339,.502,46.9,57.1,5.9,9.6,.469,14.0,22.0,.189
230,Notre Dame,32,20,12,.625,11.21,5.62,,10,10,,15,4,,4,7,,2376,2197,,69.0,106.8,.250,.451,.533,49.8,62.1,8.5,9.2,.504,12.4,26.9,.184
231,Oakland,33,14,19,.424,-5.92,-3.10,,8,10,,8,5,,4,12,,2239,2301,,67.5,99.0,.378,.379,.521,50.0,57.4,8.5,8.8,.484,17.4,29.1,.261
232,Ohio State,31,21,10,.677,19.37,10.24,,11,9,,15,2,,4,7,,2234,1951,,66.8,107.9,.367,.414,.563,53.8,54.7,7.5,10.2,.523,16.6,30.7,.276
233,Ohio,32,17,15,.531,0.74,0.17,,8,10,,12,5,,4,8,,2286,2192,,68.8,103.8,.292,.425,.546,51.3,57.3,9.3,6.8,.522,16.3,27.1,.201
234,Oklahoma State,32,18,14,.563,12.01,10.51,,7,11,,10,6,,5,7,,2163,2115,,68.5,98.7,.352,.337,.520,50.6,50.1,9.9,12.1,.478,17.0,29.3,.258
235,Oklahoma,31,19,12,.613,13.48,10.64,,9,9,,12,3,,4,8,,2177,2089,,69.7,100.8,.313,.389,.524,49.2,48.0,8.8,11.6,.482,14.2,23.4,.239
236,Old Dominion,32,13,19,.406,0.02,0.06,,9,9,,10,4,,3,11,,2098,2099,,67.5,96.4,.288,.331,.486,53.6,44.3,10.0,9.3,.453,15.4,30.8,.199
237,Oral Roberts,31,17,14,.548,2.16,-1.58,,9,7,,13,1,,3,12,,2485,2265,,71.5,111.1,.290,.378,.545,51.8,45.2,8.8,7.0,.511,12.3,31.3,.218
238,Oregon State,31,18,13,.581,9.70,6.15,,7,11,,12,4,,3,8,,2207,2097,,66.6,106.9,.388,.349,.559,49.4,59.4,9.3,13.7,.516,15.3,26.5,.292
239,Oregon,31,24,7,.774,18.22,9.09,,13,5,,17,0,,5,5,,2352,2069,,66.1,111.7,.289,.373,.567,51.5,52.0,11.4,9.6,.543,15.1,32.7,.202
240,Pacific,33,23,10,.697,3.81,0.19,,11,5,,15,3,,7,5,,2300,2128,,65.9,103.1,.348,.283,.527,56.3,45.4,8.5,11.8,.498,15.5,33.5,.232
241,Penn State,31,21,10,.677,16.12,9.25,,11,9,,14,3,,5,6,,2327,2114,,71.4,105.1,.310,.396,.525,50.8,53.2,10.5,12.1,.495,13.6,29.3,.214
242,Pennsylvania,27,16,11,.593,1.07,-0.36,,8,6,,8,3,,6,7,,1991,1906,,71.6,102.6,.249,.446,.548,49.0,54.4,8.2,7.6,.530,15.8,22.8,.166
243,Pepperdine,32,16,16,.500,2.82,3.60,,8,8,,9,5,,6,7,,2441,2466,,71.6,104.5,.330,.375,.545,48.9,56.5,8.4,10.1,.500,15.4,26.9,.262
244,Pittsburgh,33,16,17,.485,6.80,7.32,,6,14,,11,7,,2,9,,2152,2169,,66.0,98.4,.351,.317,.494,48.5,53.5,11.8,10.2,.451,15.6,32.8,.250
245,Portland State,32,18,14,.563,-1.50,-2.43,,12,8,,11,3,,6,11,,2518,2412,,72.5,108.5,.306,.302,.531,50.7,46.6,11.9,9.9,.498,14.7,36.8,.220
246,Portland,32,9,23,.281,-6.53,1.97,,1,15,,7,9,,2,9,,2126,2309,,70.5,93.5,.329,.358,.520,45.7,55.5,7.9,10.0,.490,17.9,20.2,.223
247,Prairie View,32,19,13,.594,-6.26,-8.36,,14,4,,12,0,,6,12,,2302,2186,,72.7,98.2,.404,.269,.526,49.5,57.2,11.8,8.6,.484,17.5,28.1,.286
248,Presbyterian,32,10,22,.313,-15.06,-6.93,,7,11,,7,6,,3,14,,2155,2346,,67.2,99.4,.347,.358,.542,50.2,51.0,8.7,5.6,.508,18.9,26.6,.247
249,Princeton,27,14,13,.519,-0.75,-1.48,,9,5,,7,6,,5,6,,1931,1866,,67.2,106.0,.278,.439,.568,50.9,52.2,9.5,5.6,.541,16.7,25.5,.204
250,Providence,31,19,12,.613,13.45,8.19,,12,6,,13,3,,5,6,,2214,2051,,69.6,102.3,.359,.366,.511,51.6,58.2,11.9,9.6,.473,16.1,33.7,.249
251,Purdue,31,16,15,.516,16.30,10.76,,9,11,,11,5,,4,8,,2114,1942,,64.7,102.9,.258,.362,.504,53.0,54.2,9.8,11.3,.478,14.6,34.9,.177
252,Quinnipiac,30,15,15,.500,-7.66,-6.53,,10,10,,9,5,,5,9,,2088,2122,,68.9,101.0,.282,.513,.543,51.2,57.9,6.6,9.3,.509,17.6,26.9,.215
253,Radford,32,21,11,.656,-2.67,-5.71,,15,3,,11,4,,9,6,,2302,2115,,65.0,110.2,.317,.390,.552,53.1,50.8,8.1,7.1,.533,14.1,31.5,.204
254,Rhode Island,30,21,9,.700,9.25,4.78,,13,5,,12,3,,8,5,,2200,2066,,71.8,101.2,.371,.291,.505,50.5,48.3,11.6,10.3,.469,14.0,30.4,.251
255,Rice,32,15,17,.469,-3.09,-0.76,,7,11,,8,7,,5,8,,2363,2375,,71.4,103.5,.334,.505,.551,49.7,56.8,8.3,5.7,.518,16.6,25.5,.241
256,Richmond,31,24,7,.774,11.31,2.76,,14,4,,14,2,,9,3,,2335,2070,,69.3,107.9,.278,.379,.568,49.4,56.8,11.6,7.4,.535,14.1,22.6,.216
257,Rider,30,18,12,.600,-3.09,-5.49,,12,8,,11,1,,5,11,,2152,2080,,71.8,99.9,.408,.333,.522,53.4,51.8,9.4,7.9,.491,17.0,30.6,.266
258,Robert Morris,34,20,14,.588,-4.73,-6.33,,13,5,,12,3,,7,11,,2373,2280,,67.5,103.4,.258,.398,.537,49.6,64.3,9.5,5.8,.516,16.4,29.4,.173
259,Rutgers,31,20,11,.645,15.72,9.68,,11,9,,18,1,,2,8,,2168,1942,,67.7,102.5,.291,.300,.516,54.0,47.8,9.6,13.6,.493,15.3,32.4,.187
260,Sacramento State,30,16,14,.533,-2.08,-2.76,,8,12,,10,4,,4,10,,1895,1791,,64.5,97.9,.315,.284,.499,52.9,55.3,10.7,11.3,.461,16.4,32.7,.227
261,Sacred Heart,33,20,13,.606,-4.75,-7.40,,12,6,,9,4,,10,8,,2420,2291,,69.9,104.9,.336,.392,.532,54.7,51.6,7.1,9.8,.494,16.8,36.2,.246
262,Saint Francis (PA),32,22,10,.688,-2.05,-6.50,,13,5,,13,2,,8,8,,2485,2298,,70.3,110.0,.335,.295,.557,52.2,41.6,9.9,7.5,.521,14.9,32.3,.251
263,Saint Joseph's,32,6,26,.188,-5.54,4.93,,2,16,,4,10,,2,12,,2208,2543,,71.3,96.5,.291,.497,.499,47.3,52.6,6.6,6.8,.466,15.8,26.1,.205
264,Saint Louis,31,23,8,.742,9.41,3.07,,12,6,,15,3,,6,4,,2223,2020,,68.7,103.1,.401,.271,.518,54.6,54.9,10.8,12.6,.500,15.6,34.0,.232
265,Saint Mary's (CA),34,26,8,.765,12.27,5.24,,11,5,,14,3,,6,3,,2559,2276,,65.0,112.4,.302,.362,.581,51.4,43.8,9.8,5.3,.551,13.2,25.1,.228
266,Saint Peter's,30,18,12,.600,-3.67,-5.90,,14,6,,11,3,,6,9,,1990,1923,,68.6,96.3,.380,.325,.506,53.9,46.9,10.8,13.6,.460,19.7,35.6,.274
267,Sam Houston State,31,18,13,.581,-5.17,-6.50,,11,9,,12,3,,6,10,,2417,2245,,74.4,102.7,.301,.356,.546,49.4,56.2,12.2,9.0,.512,16.7,28.8,.224
268,Samford,33,10,23,.303,-13.13,-1.13,,4,14,,7,8,,3,14,,2448,2711,,74.6,98.7,.340,.330,.528,48.4,45.4,9.4,9.2,.487,18.1,28.6,.253
269,San Diego State,32,30,2,.938,18.38,3.93,,17,1,,14,1,,11,0,,2395,1903,,66.1,113.3,.285,.420,.579,52.5,55.5,10.5,8.9,.548,14.3,28.9,.220
270,San Diego,32,9,23,.281,-3.52,4.35,,2,14,,6,9,,3,10,,2101,2319,,70.9,91.5,.310,.343,.497,48.5,50.9,8.1,8.3,.466,18.0,25.5,.209
271,San Francisco,34,22,12,.647,8.56,3.84,,9,7,,12,5,,7,6,,2546,2339,,69.2,107.1,.294,.439,.545,52.4,45.3,10.1,7.8,.515,15.0,29.6,.212
272,San Jose State,31,7,24,.226,-7.55,5.15,,3,15,,6,10,,1,12,,2167,2523,,74.1,93.9,.339,.460,.499,46.0,55.5,8.6,8.1,.458,16.5,24.5,.243
273,Santa Clara,33,20,13,.606,1.95,0.63,,6,10,,16,5,,3,7,,2498,2365,,73.0,103.4,.351,.371,.564,48.9,57.8,9.4,8.5,.528,16.7,21.7,.261
274,Seattle,29,14,15,.483,-3.95,-3.91,,7,7,,9,4,,3,10,,2177,2110,,71.4,103.0,.363,.377,.516,48.9,43.2,8.1,8.3,.464,12.3,27.4,.281
275,Seton Hall,30,21,9,.700,16.75,9.95,,13,5,,11,4,,8,4,,2241,2037,,71.0,105.3,.348,.405,.548,50.3,55.8,9.9,14.9,.514,16.3,29.2,.249
276,Siena,30,20,10,.667,-1.13,-5.66,,15,5,,14,0,,5,10,,2167,2031,,67.1,106.3,.363,.332,.550,53.5,52.1,7.8,8.1,.518,16.5,31.9,.256
277,South Alabama,31,20,11,.645,0.08,-1.03,,13,7,,11,5,,7,5,,2209,2092,,67.1,105.8,.398,.302,.559,49.3,44.2,11.4,12.1,.520,15.9,26.5,.288
278,South Carolina State,29,11,18,.379,-16.01,-9.27,,6,10,,8,5,,3,12,,2037,2180,,69.1,99.5,.397,.299,.530,51.5,46.5,6.4,4.9,.481,17.9,30.3,.297
279,South Carolina Upstate,33,13,20,.394,-13.58,-6.06,,7,11,,9,6,,4,13,,2286,2460,,69.8,99.3,.335,.365,.516,47.4,51.2,8.5,7.2,.483,15.6,26.3,.230
280,South Carolina,31,18,13,.581,10.27,6.43,,10,8,,12,5,,6,6,,2275,2156,,72.5,100.8,.368,.297,.512,51.3,53.5,10.6,13.3,.486,15.5,32.1,.231
281,South Dakota State,32,22,10,.688,2.29,-4.24,,13,3,,16,0,,6,9,,2493,2256,,69.8,110.3,.327,.364,.580,53.1,49.9,7.1,8.5,.554,16.2,28.9,.231
282,South Dakota,32,20,12,.625,-1.74,-3.84,,10,6,,13,2,,5,8,,2547,2374,,71.4,111.4,.393,.330,.594,50.5,49.9,6.4,7.0,.557,13.7,20.2,.297
283,South Florida,31,14,17,.452,5.15,5.18,,7,11,,10,7,,3,6,,1943,1944,,65.5,95.0,.375,.384,.499,52.0,46.9,11.4,6.8,.466,18.9,32.4,.244
284,Southeast Missouri State,31,7,24,.226,-14.57,-5.29,,3,15,,6,7,,0,16,,2054,2307,,68.8,95.9,.354,.345,.509,47.8,49.0,7.5,5.8,.472,17.0,25.5,.245
285,Southeastern Louisiana,31,8,23,.258,-16.11,-5.72,,5,15,,6,8,,2,14,,2157,2429,,74.0,92.9,.317,.357,.500,46.0,49.4,10.7,5.2,.469,19.3,28.8,.214
286,Southern California,31,22,9,.710,11.51,7.22,,11,7,,14,2,,5,6,,2179,2046,,70.0,99.3,.354,.321,.524,52.3,55.1,9.4,13.3,.495,17.7,30.6,.234
287,SIU Edwardsville,31,8,23,.258,-14.16,-5.71,,5,13,,4,10,,4,13,,2073,2261,,70.2,95.3,.292,.312,.505,49.0,55.7,8.1,8.9,.476,17.5,27.9,.199
288,Southern Illinois,32,16,16,.500,-0.18,0.37,,10,8,,12,3,,3,10,,2002,1991,,64.3,96.9,.330,.412,.533,45.8,53.2,10.1,5.7,.497,17.5,20.5,.240
289,Southern Methodist,30,19,11,.633,7.97,3.50,,9,9,,15,2,,4,9,,2188,2054,,66.0,108.3,.317,.428,.557,53.0,60.6,8.7,9.8,.521,16.9,34.1,.242
290,Southern Mississippi,31,9,22,.290,-6.65,2.35,,5,13,,8,7,,1,12,,2047,2242,,68.7,95.3,.250,.300,.518,51.3,56.7,8.4,8.3,.490,19.0,27.9,.180
291,Southern Utah,32,17,15,.531,0.10,-2.47,,9,11,,9,5,,6,10,,2329,2122,,70.5,101.7,.353,.320,.541,53.7,45.9,9.4,11.0,.505,16.7,27.7,.253
292,Southern,32,17,15,.531,-9.36,-9.49,,13,5,,11,1,,5,14,,2234,2147,,69.5,99.6,.343,.296,.518,52.8,52.1,9.9,7.1,.486,17.1,32.1,.232
293,St. Bonaventure,31,19,12,.613,3.12,1.62,,11,7,,9,5,,7,7,,2143,2073,,66.3,103.5,.270,.339,.526,52.3,54.3,8.3,11.1,.494,15.2,30.7,.199
294,St. Francis (NY),31,13,18,.419,-11.30,-7.44,,7,11,,9,5,,4,13,,2168,2220,,71.1,98.0,.269,.349,.505,49.2,46.6,9.0,11.7,.471,15.6,27.9,.196
295,St. John's (NY),32,17,15,.531,10.71,7.68,,5,13,,13,6,,1,8,,2387,2290,,74.3,100.5,.299,.313,.494,48.4,54.3,13.5,11.6,.459,12.9,29.9,.211
296,Stanford,32,20,12,.625,13.35,6.38,,9,9,,14,4,,4,6,,2223,2000,,68.7,100.3,.310,.352,.561,48.8,51.1,9.8,10.8,.535,18.8,22.1,.218
297,Stephen F. Austin,31,28,3,.903,4.04,-6.89,,19,1,,16,1,,12,2,,2499,2077,,74.8,107.4,.437,.274,.573,55.5,52.3,13.9,10.3,.541,20.1,38.2,.302
298,Stetson,33,16,17,.485,-9.63,-5.30,,9,7,,8,7,,7,9,,2103,2167,,64.3,98.8,.384,.325,.530,51.9,43.2,9.8,8.4,.499,18.6,30.4,.256
299,Stony Brook,33,20,13,.606,-2.41,-4.41,,10,6,,10,5,,8,8,,2283,2172,,69.9,98.2,.329,.431,.517,51.8,47.4,9.5,13.4,.479,17.9,29.5,.238
300,Syracuse,32,18,14,.563,12.32,7.26,,10,10,,11,7,,6,5,,2378,2216,,68.3,107.9,.357,.421,.545,49.1,55.0,10.8,14.7,.505,14.3,29.6,.264
301,Temple,31,14,17,.452,6.59,6.17,,6,12,,8,7,,4,8,,2117,2104,,70.6,95.5,.333,.350,.496,49.7,57.7,10.8,8.8,.460,15.8,25.9,.228
302,Tennessee-Martin,29,9,20,.310,-14.15,-4.30,,5,13,,6,6,,2,12,,2194,2382,,70.1,107.5,.320,.376,.554,48.2,45.2,7.2,7.7,.518,15.9,31.1,.241
303,Tennessee State,33,18,15,.545,-6.70,-5.45,,9,9,,11,3,,4,11,,2355,2345,,70.5,100.4,.319,.374,.557,53.6,51.9,7.5,11.4,.535,21.3,31.8,.210
304,Tennessee Tech,31,9,22,.290,-13.64,-4.67,,6,12,,6,8,,3,12,,2033,2241,,68.8,94.6,.217,.425,.505,49.4,57.2,9.9,8.3,.483,18.7,28.8,.147
305,Tennessee,31,17,14,.548,11.18,8.30,,9,9,,11,6,,4,7,,2079,1990,,66.6,100.7,.373,.361,.533,50.8,62.7,9.0,15.6,.488,17.8,30.5,.279
306,Texas A&M-Corpus Christi,32,14,18,.438,-10.80,-6.63,,10,10,,10,6,,4,11,,2112,2199,,68.3,96.7,.328,.391,.548,52.1,54.7,8.6,8.7,.517,22.5,30.3,.232
307,Texas A&M,30,16,14,.533,4.93,6.96,,10,8,,11,6,,5,4,,1894,1955,,65.7,95.7,.411,.410,.505,49.7,52.5,9.7,10.4,.464,18.4,31.3,.278
308,Texas-Arlington,32,14,18,.438,2.76,2.13,,10,10,,8,8,,6,9,,2259,2189,,68.8,101.5,.284,.419,.517,49.1,59.8,8.4,7.4,.480,14.1,26.7,.212
309,Texas Christian,32,16,16,.500,9.86,10.09,,7,11,,14,5,,1,9,,2093,2079,,65.7,98.4,.265,.433,.517,50.9,61.7,10.3,13.5,.498,18.4,32.2,.169
310,Texas-El Paso,32,17,15,.531,-1.00,-0.45,,8,10,,13,4,,3,9,,2157,2116,,69.2,97.1,.341,.399,.526,49.7,54.1,8.7,9.0,.483,17.6,24.2,.256
311,Texas-Rio Grande Valley,30,14,16,.467,-7.05,-3.70,,9,7,,11,3,,3,11,,2189,2143,,70.6,102.0,.343,.311,.526,48.5,57.9,11.7,10.8,.489,15.3,28.6,.246
312,Texas-San Antonio,32,13,19,.406,-3.18,0.41,,7,11,,10,5,,3,9,,2461,2465,,74.0,102.3,.266,.424,.526,50.0,46.0,7.9,7.3,.491,15.0,27.5,.203
313,Texas Southern,32,16,16,.500,-10.37,-6.05,,12,6,,11,1,,5,15,,2335,2431,,74.6,96.6,.408,.286,.508,50.6,44.7,8.5,7.4,.462,18.0,31.5,.288
314,Texas State,32,21,11,.656,5.42,-0.28,,13,7,,15,3,,6,8,,2339,2058,,67.1,107.6,.355,.278,.545,50.2,54.2,9.3,8.8,.503,14.3,29.4,.269
315,Texas Tech,31,18,13,.581,16.83,8.41,,9,9,,13,4,,3,7,,2230,1969,,68.2,103.8,.345,.366,.556,50.0,61.1,11.1,11.5,.517,17.4,27.8,.260
316,Texas,31,19,12,.613,10.47,9.60,,9,9,,11,6,,6,5,,1989,1962,,66.2,96.9,.220,.429,.520,47.3,48.5,8.3,11.1,.499,18.0,26.6,.151
317,Toledo,32,17,15,.531,1.20,-1.47,,8,10,,10,6,,7,9,,2386,2244,,69.5,106.8,.363,.420,.552,51.3,57.9,8.1,8.8,.512,15.3,28.3,.271
318,Towson,32,19,13,.594,0.09,-1.51,,12,6,,9,5,,8,4,,2258,2125,,65.7,106.6,.333,.334,.534,54.0,46.1,8.5,9.9,.491,15.2,33.5,.257
319,Troy,31,9,22,.290,-9.01,-1.32,,5,15,,6,9,,3,13,,2131,2276,,70.8,96.3,.292,.437,.498,49.2,57.3,8.0,7.8,.469,17.1,30.2,.197
320,Tulane,30,12,18,.400,0.94,3.54,,4,14,,7,7,,3,7,,2050,2128,,69.4,97.7,.342,.403,.516,44.4,48.0,12.1,7.9,.478,15.2,22.3,.243
321,Tulsa,31,21,10,.677,7.92,3.59,,13,5,,15,2,,6,7,,2103,1969,,67.1,99.5,.397,.342,.535,50.1,53.7,11.1,7.5,.495,17.5,26.3,.281
322,UCLA,31,19,12,.613,9.83,8.23,,12,6,,13,4,,5,5,,2153,2079,,66.5,103.7,.374,.333,.528,54.2,53.4,10.0,10.2,.487,16.7,34.5,.268
323,Utah State,34,26,8,.765,13.66,4.04,,12,6,,15,1,,4,6,,2600,2179,,68.9,109.8,.361,.379,.564,56.6,62.0,8.8,9.5,.523,15.6,31.8,.276
324,Utah Valley,30,11,19,.367,-7.47,-4.18,,5,10,,6,7,,5,12,,2105,2131,,71.2,97.7,.345,.374,.533,49.6,55.1,8.0,12.5,.498,17.8,24.3,.246
325,Utah,31,16,15,.516,8.47,7.86,,7,11,,12,2,,1,10,,2199,2180,,67.7,103.2,.358,.383,.550,51.9,56.5,8.0,7.2,.513,17.3,28.9,.261
326,Valparaiso,35,19,16,.543,1.44,1.17,,9,9,,11,2,,4,10,,2530,2494,,69.5,102.5,.268,.404,.537,48.9,57.8,10.9,8.9,.510,15.9,26.2,.191
327,Vanderbilt,32,11,21,.344,3.16,6.41,,3,15,,10,10,,1,9,,2295,2399,,70.0,101.6,.414,.443,.540,47.2,48.0,10.0,8.7,.502,16.4,25.4,.289
328,Vermont,33,26,7,.788,6.07,-4.84,,14,2,,13,3,,12,3,,2361,1963,,66.5,107.6,.306,.435,.549,53.0,54.2,8.8,10.7,.519,14.7,28.0,.220
329,Villanova,31,24,7,.774,16.84,10.03,,13,5,,12,3,,9,3,,2269,2058,,67.6,107.8,.269,.473,.557,51.2,56.3,8.3,6.5,.526,14.1,25.6,.204
330,Virginia Commonwealth,31,18,13,.581,9.66,4.08,,8,10,,14,4,,4,7,,2193,2020,,69.2,101.8,.330,.372,.529,48.1,52.8,12.9,12.4,.497,15.6,27.5,.230
331,VMI,33,9,24,.273,-6.92,-2.72,,3,15,,5,10,,2,12,,2380,2346,,68.4,103.9,.225,.508,.540,49.9,62.0,9.7,7.4,.518,15.9,27.9,.159
332,Virginia Tech,32,16,16,.500,8.22,6.16,,7,13,,12,6,,3,7,,2194,2128,,66.1,101.3,.229,.477,.527,47.7,59.5,8.9,8.9,.503,13.2,21.0,.162
333,Virginia,30,23,7,.767,12.16,7.50,,15,5,,14,3,,7,4,,1711,1571,,60.2,93.5,.266,.370,.501,52.8,54.8,8.8,16.5,.469,17.7,26.4,.191
334,Wagner,29,8,21,.276,-14.79,-5.57,,5,13,,5,8,,3,13,,1982,2210,,69.1,97.6,.295,.377,.508,49.3,53.0,8.6,7.4,.473,17.0,29.9,.214
335,Wake Forest,31,13,18,.419,6.69,8.14,,6,14,,9,5,,1,11,,2276,2321,,70.8,102.1,.410,.329,.538,51.9,51.6,6.8,7.2,.490,17.2,28.6,.306
336,Washington State,32,16,16,.500,5.13,4.94,,6,12,,11,5,,2,9,,2235,2229,,71.1,97.5,.307,.393,.500,49.5,47.7,9.5,6.8,.458,15.0,27.6,.228
337,Washington,32,15,17,.469,12.41,8.25,,5,13,,10,7,,3,7,,2259,2126,,70.2,99.7,.379,.384,.543,49.7,51.3,10.4,16.2,.504,18.8,27.4,.274
338,Weber State,32,12,20,.375,-8.32,-0.66,,8,12,,8,6,,4,9,,2225,2280,,68.7,100.4,.281,.364,.541,48.0,42.3,7.4,9.8,.511,15.5,22.2,.204
339,West Virginia,31,21,10,.677,18.51,10.64,,9,9,,14,2,,4,8,,2179,1935,,69.4,100.9,.405,.296,.499,55.6,49.5,11.0,10.6,.465,17.0,40.0,.260
340,Western Carolina,31,19,12,.613,-0.10,-1.55,,10,8,,10,4,,8,7,,2444,2317,,72.4,108.0,.368,.457,.581,53.1,53.6,7.3,5.0,.552,17.5,28.9,.261
341,Western Illinois,26,5,21,.192,-14.28,-3.03,,2,14,,4,10,,1,11,,1934,2126,,73.1,100.8,.221,.367,.525,46.9,37.6,6.7,5.6,.494,13.6,21.7,.173
342,Western Kentucky,30,20,10,.667,4.20,0.96,,13,5,,12,2,,6,6,,2297,2160,,69.8,107.4,.392,.368,.568,48.4,42.9,9.4,10.3,.520,15.5,25.3,.309
343,Western Michigan,32,13,19,.406,-5.42,-0.25,,6,12,,10,5,,3,12,,2220,2306,,69.0,99.4,.358,.377,.530,48.8,46.4,6.8,6.1,.492,16.6,24.8,.256
344,Wichita State,31,23,8,.742,13.66,5.60,,11,7,,17,2,,5,5,,2227,1977,,70.7,100.9,.337,.393,.508,53.2,56.8,9.9,10.4,.471,15.3,31.7,.235
345,William & Mary,32,21,11,.656,-2.46,-3.10,,13,5,,11,2,,10,7,,2288,2208,,68.0,105.1,.307,.390,.564,53.1,52.9,6.3,10.4,.532,16.6,26.1,.229
346,Winthrop,34,24,10,.706,1.16,-6.53,,15,3,,11,4,,10,6,,2765,2431,,72.6,110.8,.358,.439,.557,55.2,55.3,9.0,7.1,.538,16.0,35.1,.228
347,Wisconsin,31,21,10,.677,15.95,10.95,,14,6,,15,1,,6,6,,2082,1927,,64.4,103.8,.269,.445,.537,49.6,51.1,6.9,9.7,.503,13.8,24.1,.205
348,Wofford,35,19,16,.543,0.17,-1.50,,8,10,,10,5,,6,10,,2523,2399,,66.9,106.6,.263,.481,.570,50.2,51.4,8.4,8.4,.547,16.1,25.0,.187
349,Wright State,32,25,7,.781,2.46,-6.21,,15,3,,14,2,,9,3,,2580,2264,,73.1,109.0,.369,.340,.546,51.9,48.3,8.8,8.3,.518,14.4,32.2,.248
350,Wyoming,33,9,24,.273,-3.05,4.82,,2,16,,4,13,,3,8,,2070,2308,,67.6,91.8,.305,.465,.520,43.5,52.5,7.8,6.2,.484,17.3,14.5,.222
351,Xavier,32,19,13,.594,12.57,9.47,,8,10,,12,5,,5,6,,2261,2162,,69.1,100.2,.309,.347,.516,52.4,55.2,8.9,9.4,.490,16.9,32.2,.203
352,Yale,30,23,7,.767,6.63,-1.51,,11,3,,10,1,,11,6,,2289,1954,,68.2,108.3,.330,.414,.573,54.8,57.4,8.9,9.6,.545,16.3,27.4,.235
353,Youngstown State,33,18,15,.545,-5.56,-4.79,,10,8,,13,4,,5,11,,2401,2351,,68.6,104.8,.300,.372,.511,52.6,47.5,8.2,6.5,.481,14.5,35.7,.207